id,first_name,last_name,email,gender,ip_address
1,Kellie,Butchard,kbutchard0@jimdo.com,Female,133.224.85.66
2,Renate,Dombrell,rdombrell1@cbc.ca,Female,239.40.61.87
3,Sidonnie,Donaher,sdonaher2@bloomberg.com,Female,255.63.84.78
4,Nicola,Marzelli,nmarzelli3@chron.com,Male,249.192.65.219
5,Barron,Toope,btoope4@hexun.com,Male,146.209.105.65
6,Dame,Flooks,dflooks5@bizjournals.com,Male,151.59.45.72
7,Dene,Bennison,dbennison6@macromedia.com,Male,121.246.158.19
8,Colman,Walicki,cwalicki7@independent.co.uk,Male,231.246.1.63
9,Auberta,Reed,areed8@cnet.com,Female,101.1.190.148
10,Brockie,Rylatt,brylatt9@boston.com,Male,127.91.117.138
11,Adria,Schwand,aschwanda@vk.com,Female,9.206.44.244
12,Sly,Von Brook,svonbrookb@hc360.com,Male,33.88.68.141
13,Sharla,Boerder,sboerderc@techcrunch.com,Female,3.177.204.202
14,Lavena,Rounds,lroundsd@friendfeed.com,Female,176.137.21.28
15,Mina,Huleatt,mhuleatte@adobe.com,Female,177.247.186.212
16,Waylon,McCadden,wmccaddenf@cbc.ca,Male,119.193.205.148
17,Morie,Fagg,mfaggg@nytimes.com,Male,109.170.192.100
18,Devora,Kitchingman,dkitchingmanh@whitehouse.gov,Female,212.249.69.37
19,Meta,Rounsefell,mrounsefelli@blogger.com,Female,180.60.203.128
20,Iggy,Slany,islanyj@bloglovin.com,Male,165.66.11.23
21,Francesco,Farquharson,ffarquharsonk@nature.com,Male,90.54.119.42
22,Buffy,Lidgley,blidgleyl@sciencedirect.com,Female,116.116.106.167
23,Carla,Gatenby,cgatenbym@cargocollective.com,Female,91.11.108.70
24,Cortie,Kleint,ckleintn@ustream.tv,Male,35.75.146.76
25,Eddi,Yantsurev,eyantsurevo@simplemachines.org,Female,166.125.27.213
26,Burk,Sleite,bsleitep@netscape.com,Male,193.98.131.24
27,Isabeau,Crosser,icrosserq@clickbank.net,Female,96.192.114.212
28,Davon,Neave,dneaver@hugedomains.com,Male,65.194.138.20
29,Rutherford,Piatkowski,rpiatkowskis@nature.com,Male,58.37.178.156
30,Alleyn,Wheeliker,awheelikert@ed.gov,Male,32.31.215.114
31,Pancho,Gustus,pgustusu@acquirethisname.com,Male,59.227.185.95
32,Irvin,Esby,iesbyv@moonfruit.com,Male,162.2.161.140
33,Corbett,Biset,cbisetw@weather.com,Male,249.61.80.244
34,Roland,Tomkys,rtomkysx@forbes.com,Male,213.108.70.233
35,Benji,Duns,bdunsy@cocolog-nifty.com,Male,87.4.58.98
36,Neal,Gerhts,ngerhtsz@redcross.org,Male,51.1.67.117
37,Sheena,Aikman,saikman10@pcworld.com,Female,183.161.122.61
38,Sid,Woodworth,swoodworth11@gmpg.org,Male,143.42.165.254
39,Kit,Robey,krobey12@salon.com,Female,126.142.72.103
40,Barbette,Castagna,bcastagna13@amazonaws.com,Female,160.80.180.194
41,Imogene,Hawkwood,ihawkwood14@google.cn,Female,248.199.98.217
42,Georges,Roddan,groddan15@ihg.com,Male,86.126.68.178
43,Annmaria,Monteith,amonteith16@noaa.gov,Female,91.42.23.111
44,Carroll,Isakovitch,cisakovitch17@cornell.edu,Male,45.76.213.233
45,Marja,Otter,motter18@over-blog.com,Female,98.18.87.177
46,Zeke,Oxtiby,zoxtiby19@shutterfly.com,Male,190.84.239.6
47,Saloma,Solman,ssolman1a@latimes.com,Female,231.252.139.40
48,Nelly,Smart,nsmart1b@bing.com,Female,220.184.90.92
49,Hendrika,Pioch,hpioch1c@sun.com,Female,1.92.226.65
50,Cinnamon,Scougall,cscougall1d@github.io,Female,212.136.132.103
51,Jemmy,Cantos,jcantos1e@comsenz.com,Female,36.234.149.210
52,Terri,Kenney,tkenney1f@hexun.com,Male,243.211.72.9
53,Euell,Bisset,ebisset1g@tripod.com,Male,23.15.229.217
54,Adah,Reace,areace1h@people.com.cn,Female,237.83.103.229
55,Kala,Chaytor,kchaytor1i@irs.gov,Female,28.61.137.178
56,De witt,Kelemen,dkelemen1j@facebook.com,Male,22.190.6.42
57,Jaclin,O'Fihily,jofihily1k@rambler.ru,Female,76.11.68.254
58,Derron,Longlands,dlonglands1l@seattletimes.com,Male,86.233.201.78
59,Star,Taree,staree1m@skype.com,Female,126.181.114.77
60,Conrado,Lapere,clapere1n@deviantart.com,Male,226.136.11.219
61,Madalena,Synder,msynder1o@jugem.jp,Female,164.30.137.22
62,Zsazsa,Cheeseman,zcheeseman1p@google.nl,Female,157.214.124.144
63,Murdoch,Fielden,mfielden1q@soup.io,Male,254.71.245.230
64,Nollie,Morsey,nmorsey1r@slate.com,Male,217.23.240.89
65,Nicoli,Bouller,nbouller1s@tuttocitta.it,Female,152.59.198.90
66,Eldon,Dummigan,edummigan1t@ustream.tv,Male,178.160.127.60
67,Marcel,Mullin,mmullin1u@virginia.edu,Male,176.188.0.118
68,Gerianna,Asher,gasher1v@nasa.gov,Female,96.163.123.234
69,Blaine,Bilsford,bbilsford1w@icio.us,Male,31.130.97.254
70,Madella,Shoute,mshoute1x@cnbc.com,Female,247.230.57.96
71,Brooke,Tugman,btugman1y@cnet.com,Female,102.29.117.115
72,Catharine,Defrain,cdefrain1z@so-net.ne.jp,Female,43.143.177.1
73,Pauletta,Wither,pwither20@webnode.com,Female,41.54.206.221
74,Nananne,Scruby,nscruby21@joomla.org,Female,51.106.198.77
75,Karmen,Elfe,kelfe22@nytimes.com,Female,62.52.135.154
76,Rochelle,McCotter,rmccotter23@amazon.co.uk,Female,23.205.161.167
77,Addie,Fentem,afentem24@reverbnation.com,Male,218.161.15.192
78,Kermie,Shawe,kshawe25@vinaora.com,Male,32.17.1.223
79,Ivor,Braiden,ibraiden26@feedburner.com,Male,117.226.47.25
80,Nicolette,Scrase,nscrase27@timesonline.co.uk,Female,29.95.195.11
81,Lucky,Keefe,lkeefe28@diigo.com,Female,134.218.135.141
82,Cullan,Klugel,cklugel29@multiply.com,Male,182.126.227.249
83,Aurora,Lummasana,alummasana2a@bluehost.com,Female,62.134.198.116
84,Burt,Batho,bbatho2b@youtu.be,Male,31.204.214.232
85,Annette,Gypson,agypson2c@hhs.gov,Female,148.129.53.104
86,Hasty,Dignan,hdignan2d@nba.com,Male,214.66.251.46
87,Cleopatra,Hallgalley,challgalley2e@shinystat.com,Female,42.185.90.168
88,Glenda,Davidsson,gdavidsson2f@edublogs.org,Female,151.43.241.42
89,Angele,Bligh,abligh2g@eepurl.com,Female,126.24.62.72
90,Cherida,Bakey,cbakey2h@yellowbook.com,Female,109.192.208.110
91,Lammond,Strond,lstrond2i@shutterfly.com,Male,124.9.92.250
92,Neal,Featherbie,nfeatherbie2j@vinaora.com,Male,107.160.20.219
93,Orson,Bridgeland,obridgeland2k@blogger.com,Male,234.34.74.104
94,Devin,Alfuso,dalfuso2l@hc360.com,Male,114.210.64.143
95,Kimmy,Tulleth,ktulleth2m@about.com,Female,205.74.85.138
96,Grete,Ogers,gogers2n@rambler.ru,Female,136.144.171.80
97,Sigismond,Seamans,sseamans2o@diigo.com,Male,97.159.55.164
98,Gennie,Canet,gcanet2p@craigslist.org,Female,0.83.250.195
99,Carlota,Zarfati,czarfati2q@chronoengine.com,Female,250.13.134.60
100,Rosemary,Saura,rsaura2r@cnn.com,Female,99.218.163.223
101,Debby,Kilgallon,dkilgallon2s@dyndns.org,Female,217.189.138.195
102,Hermy,Breache,hbreache2t@technorati.com,Male,221.43.55.143
103,Gabrielle,Finnie,gfinnie2u@home.pl,Female,145.235.170.194
104,Layne,Camin,lcamin2v@mapquest.com,Female,157.88.199.43
105,Bartie,Sennett,bsennett2w@last.fm,Male,175.206.34.232
106,Elmo,Cardow,ecardow2x@mysql.com,Male,225.168.118.190
107,Madelaine,Jakubowski,mjakubowski2y@mapquest.com,Female,24.39.76.171
108,Harrie,Orthmann,horthmann2z@jigsy.com,Female,193.190.171.162
109,Mada,Bratch,mbratch30@zimbio.com,Female,245.2.27.171
110,Benn,Scoular,bscoular31@tripod.com,Male,185.3.190.104
111,Trudi,Dorro,tdorro32@homestead.com,Female,51.6.85.250
112,Quint,Skoate,qskoate33@theglobeandmail.com,Male,157.93.179.22
113,Yvette,Suffield,ysuffield34@tinyurl.com,Female,145.46.199.123
114,Sybyl,Bennetto,sbennetto35@ox.ac.uk,Female,156.207.30.149
115,Rosa,Perin,rperin36@nhs.uk,Female,170.112.92.1
116,Kitty,Lauridsen,klauridsen37@vinaora.com,Female,250.182.34.149
117,Nicoli,Routham,nroutham38@wordpress.com,Female,100.15.17.240
118,Saxe,Witherden,switherden39@yellowpages.com,Male,41.135.87.57
119,Nyssa,Bosman,nbosman3a@unblog.fr,Female,112.95.251.29
120,Jeniffer,Atkyns,jatkyns3b@wired.com,Female,250.77.250.176
121,Wiatt,Cloake,wcloake3c@wix.com,Male,134.116.110.214
122,Kalindi,Le Barr,klebarr3d@ox.ac.uk,Female,129.71.11.91
123,Dosi,Behne,dbehne3e@jiathis.com,Female,115.139.225.123
124,Anatol,Franzewitch,afranzewitch3f@europa.eu,Male,157.199.34.149
125,Enrico,Thinn,ethinn3g@slideshare.net,Male,81.136.146.145
126,Olly,Duval,oduval3h@lulu.com,Female,98.215.234.1
127,Moritz,Poulglais,mpoulglais3i@over-blog.com,Male,64.128.104.239
128,Leontine,Hawler,lhawler3j@businessweek.com,Female,219.88.34.3
129,Lew,Pellatt,lpellatt3k@techcrunch.com,Male,116.240.158.43
130,Max,Le Breton,mlebreton3l@yale.edu,Female,99.43.58.19
131,Eileen,Moxley,emoxley3m@businessweek.com,Female,21.91.31.237
132,Ronnie,Curragh,rcurragh3n@opera.com,Female,220.223.17.255
133,Clara,Warren,cwarren3o@t.co,Female,185.133.5.196
134,Mozelle,Websdale,mwebsdale3p@hubpages.com,Female,53.121.81.47
135,Belicia,Selburn,bselburn3q@cdc.gov,Female,9.156.60.11
136,Vi,Hellyer,vhellyer3r@google.co.uk,Female,77.49.170.189
137,Clemmy,Gail,cgail3s@theatlantic.com,Female,39.16.74.247
138,Herby,Velde,hvelde3t@oaic.gov.au,Male,68.69.196.167
139,Jodi,Chessill,jchessill3u@histats.com,Male,21.5.63.1
140,Cyndie,Wing,cwing3v@addtoany.com,Female,93.10.208.58
141,Yale,Ogelsby,yogelsby3w@smh.com.au,Male,221.242.244.217
142,Nada,Meckiff,nmeckiff3x@homestead.com,Female,50.212.126.21
143,Pace,Ranken,pranken3y@bravesites.com,Male,193.70.179.138
144,Nicolais,Ketteman,nketteman3z@gmpg.org,Male,76.175.9.74
145,Toby,Ketton,tketton40@purevolume.com,Male,188.33.116.127
146,Libbi,Gosnall,lgosnall41@spiegel.de,Female,49.220.54.86
147,Brewster,Sothern,bsothern42@feedburner.com,Male,235.219.90.0
148,Henry,Howling,hhowling43@wordpress.org,Male,108.39.84.45
149,Alicia,Moffatt,amoffatt44@sina.com.cn,Female,69.33.236.62
150,Artemis,Pinhorn,apinhorn45@wikia.com,Male,71.221.26.74
151,Annabel,Dunlea,adunlea46@nih.gov,Female,34.93.219.130
152,Kippar,Salliere,ksalliere47@usa.gov,Male,218.241.54.227
153,Delainey,Myott,dmyott48@fda.gov,Male,239.226.3.188
154,Chantal,Rosencrantz,crosencrantz49@toplist.cz,Female,227.254.74.64
155,Celka,McCrachen,cmccrachen4a@ezinearticles.com,Female,194.33.127.151
156,Shirleen,Doncaster,sdoncaster4b@who.int,Female,32.199.219.111
157,Nicholle,Wynes,nwynes4c@desdev.cn,Female,62.156.47.157
158,Gregorius,Cockburn,gcockburn4d@freewebs.com,Male,238.95.161.17
159,Marchelle,Latek,mlatek4e@wunderground.com,Female,3.139.143.72
160,Sheba,Klimushev,sklimushev4f@mapquest.com,Female,15.41.40.142
161,Morgana,Crimin,mcrimin4g@fema.gov,Female,81.158.117.4
162,Cassius,Doyland,cdoyland4h@globo.com,Male,248.255.134.138
163,Mordy,Fendt,mfendt4i@prlog.org,Male,82.71.182.8
164,Mireille,Domaschke,mdomaschke4j@clickbank.net,Female,28.42.239.144
165,Katerina,Felix,kfelix4k@phpbb.com,Female,57.247.119.158
166,Winny,Huddy,whuddy4l@amazon.co.uk,Male,9.152.119.59
167,Elizabeth,Autry,eautry4m@yolasite.com,Female,227.38.22.164
168,Jacky,Shermar,jshermar4n@twitpic.com,Male,45.6.220.196
169,Hubert,Pikhno,hpikhno4o@ameblo.jp,Male,61.145.250.188
170,Olvan,Keighley,okeighley4p@edublogs.org,Male,153.222.223.171
171,Cobby,Stolte,cstolte4q@cocolog-nifty.com,Male,163.101.176.151
172,Maximilianus,Roarty,mroarty4r@wikimedia.org,Male,117.218.181.151
173,Adi,Poulglais,apoulglais4s@dailymail.co.uk,Female,207.57.55.174
174,Iain,Pargent,ipargent4t@google.fr,Male,190.125.31.172
175,Karl,Feeham,kfeeham4u@histats.com,Male,58.114.113.103
176,Deane,O'Moylane,domoylane4v@youku.com,Female,187.191.106.114
177,Georgie,Rosbotham,grosbotham4w@bloomberg.com,Female,151.123.191.82
178,Carry,MacGilrewy,cmacgilrewy4x@utexas.edu,Female,8.192.228.214
179,Stephenie,Boydle,sboydle4y@ucsd.edu,Female,148.129.125.77
180,Zabrina,Polamontayne,zpolamontayne4z@ifeng.com,Female,239.194.219.3
181,Petronella,Bigham,pbigham50@exblog.jp,Female,17.37.56.10
182,Tiffanie,Arthy,tarthy51@istockphoto.com,Female,61.61.202.239
183,Eolande,Pollen,epollen52@aboutads.info,Female,160.10.15.221
184,Rania,Renney,rrenney53@mashable.com,Female,27.172.108.20
185,Jermayne,Willisch,jwillisch54@nymag.com,Male,238.245.19.41
186,Dill,Dofty,ddofty55@parallels.com,Male,81.86.212.32
187,Reggie,Bumphries,rbumphries56@ca.gov,Male,94.95.77.141
188,Rufe,Frowd,rfrowd57@mit.edu,Male,151.71.0.247
189,Joscelin,Daubney,jdaubney58@nytimes.com,Female,222.155.104.212
190,Ferrell,Lescop,flescop59@wp.com,Male,113.109.102.49
191,Alejandra,Maddra,amaddra5a@csmonitor.com,Female,32.3.166.7
192,Corinne,Anslow,canslow5b@liveinternet.ru,Female,106.55.104.89
193,Kellen,Tomblings,ktomblings5c@umich.edu,Male,122.104.201.59
194,Nike,Olivie,nolivie5d@google.ca,Female,170.127.4.11
195,Alisha,Gronav,agronav5e@furl.net,Female,13.207.126.9
196,Adolphe,Itzhaki,aitzhaki5f@ft.com,Male,190.186.168.234
197,Toddy,Ricci,tricci5g@angelfire.com,Male,56.51.80.80
198,Etti,Sidlow,esidlow5h@odnoklassniki.ru,Female,32.131.56.138
199,Katuscha,Stonelake,kstonelake5i@freewebs.com,Female,162.73.94.59
200,Verene,Britto,vbritto5j@ftc.gov,Female,38.101.234.144
201,Gram,Olenichev,golenichev5k@reverbnation.com,Male,207.114.91.8
202,Amerigo,Nodes,anodes5l@mashable.com,Male,151.27.68.185
203,Zaccaria,Maren,zmaren5m@joomla.org,Male,31.81.26.225
204,Pierson,Toomey,ptoomey5n@ted.com,Male,3.184.215.185
205,Tony,Edgler,tedgler5o@amazon.co.uk,Female,234.20.109.20
206,Sile,Bittany,sbittany5p@seattletimes.com,Female,230.60.82.129
207,Mirabelle,Aldhouse,maldhouse5q@wufoo.com,Female,89.97.32.166
208,Morgen,Maginn,mmaginn5r@biblegateway.com,Male,189.25.248.224
209,Arne,Leiden,aleiden5s@gmpg.org,Male,168.252.192.110
210,Caz,Joyce,cjoyce5t@dyndns.org,Male,227.69.73.161
211,Otha,Northing,onorthing5u@com.com,Female,78.102.244.213
212,Brent,Pudden,bpudden5v@jiathis.com,Male,216.12.73.54
213,Charleen,Spruce,cspruce5w@telegraph.co.uk,Female,56.129.202.92
214,Ab,Oseland,aoseland5x@sfgate.com,Male,213.78.202.4
215,Allyn,Harford,aharford5y@artisteer.com,Male,82.231.108.204
216,Cynthy,MacGeaney,cmacgeaney5z@cdc.gov,Female,116.77.241.124
217,Sela,Castagnier,scastagnier60@hostgator.com,Female,232.190.49.28
218,Lilla,Pidon,lpidon61@harvard.edu,Female,120.220.179.111
219,Finn,Kynton,fkynton62@imageshack.us,Male,36.47.9.164
220,Priscella,Plews,pplews63@thetimes.co.uk,Female,126.231.12.47
221,Carney,Titchener,ctitchener64@cam.ac.uk,Male,140.12.223.84
222,Evanne,Baglin,ebaglin65@123-reg.co.uk,Female,122.186.243.70
223,Bernete,Cornelisse,bcornelisse66@cdbaby.com,Female,114.80.60.68
224,Charo,Gorman,cgorman67@npr.org,Female,0.217.150.192
225,Alvira,Belz,abelz68@constantcontact.com,Female,230.195.27.101
226,Rebeka,Bee,rbee69@mit.edu,Female,189.33.33.155
227,Robenia,Jacquemot,rjacquemot6a@netlog.com,Female,84.17.26.111
228,Elia,Shearmur,eshearmur6b@360.cn,Male,193.57.88.152
229,Kevin,Pitceathly,kpitceathly6c@wordpress.com,Male,124.163.192.100
230,Patin,Shegog,pshegog6d@pbs.org,Male,130.98.60.135
231,Sly,Alans,salans6e@ask.com,Male,16.51.155.3
232,Tomi,Eicke,teicke6f@mediafire.com,Female,4.30.179.39
233,Jock,Stockford,jstockford6g@free.fr,Male,40.151.18.99
234,Joana,Anstice,janstice6h@wikispaces.com,Female,64.207.235.18
235,Yovonnda,Glading,yglading6i@nhs.uk,Female,193.18.116.107
236,Ignacius,Pegrum,ipegrum6j@slashdot.org,Male,241.217.241.215
237,Angelique,Lightbody,alightbody6k@scribd.com,Female,212.64.161.252
238,Yvor,Kear,ykear6l@apple.com,Male,175.162.75.186
239,Zonda,Timbs,ztimbs6m@vistaprint.com,Female,26.105.202.69
240,Karine,Pesek,kpesek6n@sbwire.com,Female,100.133.116.73
241,Kristy,Turban,kturban6o@ezinearticles.com,Female,136.83.237.154
242,Chan,Creelman,ccreelman6p@1688.com,Male,238.120.143.69
243,Hale,Haller,hhaller6q@upenn.edu,Male,82.101.240.227
244,Abigail,Bertelet,abertelet6r@elegantthemes.com,Female,37.62.21.133
245,Angelica,Gudgin,agudgin6s@independent.co.uk,Female,253.189.242.12
246,Jud,Lovell,jlovell6t@google.fr,Male,185.134.1.120
247,Bree,Howman,bhowman6u@gnu.org,Female,239.103.93.29
248,Tami,Pilsworth,tpilsworth6v@simplemachines.org,Female,236.113.148.245
249,Rebecca,Heims,rheims6w@umn.edu,Female,33.209.128.230
250,Talbert,Bus,tbus6x@nyu.edu,Male,213.20.111.156
251,Dietrich,Snelman,dsnelman6y@nbcnews.com,Male,134.24.211.208
252,Royce,McConnell,rmcconnell6z@deliciousdays.com,Male,3.219.199.74
253,Devlen,Cast,dcast70@sohu.com,Male,34.144.249.227
254,Ignaz,Gaunt,igaunt71@qq.com,Male,240.223.255.237
255,Fawnia,Robbins,frobbins72@infoseek.co.jp,Female,76.37.40.190
256,Hersch,Habbergham,hhabbergham73@smugmug.com,Male,247.179.35.120
257,Ivonne,Onraet,ionraet74@nationalgeographic.com,Female,223.13.63.4
258,Briant,Stubbe,bstubbe75@time.com,Male,63.244.181.54
259,Beverie,Ayars,bayars76@mapquest.com,Female,191.173.77.93
260,Mechelle,Mulvany,mmulvany77@ustream.tv,Female,165.0.206.45
261,Hagen,Cock,hcock78@yellowpages.com,Male,129.167.249.175
262,Johannes,Boat,jboat79@businessinsider.com,Male,246.191.149.74
263,Alexis,Lequeux,alequeux7a@cocolog-nifty.com,Male,170.51.63.228
264,Kenon,Simms,ksimms7b@over-blog.com,Male,183.20.125.209
265,Latia,Denisovich,ldenisovich7c@purevolume.com,Female,151.105.98.15
266,Gabriella,Climer,gclimer7d@blog.com,Female,217.151.145.202
267,Edouard,Bromehed,ebromehed7e@yahoo.com,Male,3.214.93.170
268,Arlyne,Elfes,aelfes7f@twitpic.com,Female,177.186.242.87
269,Jeffrey,Cockings,jcockings7g@nature.com,Male,13.206.58.116
270,Marius,Causier,mcausier7h@booking.com,Male,180.191.191.20
271,Antonina,Spehr,aspehr7i@mail.ru,Female,160.136.116.185
272,Brandice,Gutans,bgutans7j@hugedomains.com,Female,159.183.220.216
273,Hasheem,Sorley,hsorley7k@nps.gov,Male,221.193.184.151
274,Lolita,Tee,ltee7l@chronoengine.com,Female,158.53.30.83
275,Michaella,Attryde,mattryde7m@indiatimes.com,Female,152.152.203.242
276,Mariya,Corby,mcorby7n@census.gov,Female,141.215.152.146
277,Meaghan,Clue,mclue7o@blogs.com,Female,34.201.184.51
278,Burt,Robken,brobken7p@google.com.br,Male,191.2.32.179
279,Sisely,Wozencraft,swozencraft7q@bluehost.com,Female,131.88.38.86
280,Elisabet,Burgett,eburgett7r@cargocollective.com,Female,183.20.19.230
281,Jackqueline,Fladgate,jfladgate7s@state.gov,Female,126.191.112.29
282,Alano,Whittock,awhittock7t@issuu.com,Male,129.238.232.4
283,Douglass,A'Barrow,dabarrow7u@techcrunch.com,Male,112.71.139.163
284,Lyndsie,Hayton,lhayton7v@chronoengine.com,Female,129.220.48.207
285,Lorelle,Perrington,lperrington7w@virginia.edu,Female,36.9.163.166
286,Opaline,Briamo,obriamo7x@parallels.com,Female,15.61.210.126
287,Annette,Lougheed,alougheed7y@cocolog-nifty.com,Female,205.196.19.22
288,Julietta,Girardengo,jgirardengo7z@blog.com,Female,0.135.12.9
289,Hubey,Olivari,holivari80@php.net,Male,206.104.69.168
290,Stefa,Runnacles,srunnacles81@sakura.ne.jp,Female,189.248.224.36
291,Pen,Schottli,pschottli82@mediafire.com,Female,36.9.49.228
292,Jean,Petticrow,jpetticrow83@elegantthemes.com,Female,221.44.234.46
293,Fabio,Dermott,fdermott84@chicagotribune.com,Male,244.183.86.47
294,Antony,Dicte,adicte85@seesaa.net,Male,188.79.252.35
295,Jeralee,Spottiswoode,jspottiswoode86@elegantthemes.com,Female,186.175.77.96
296,Cindelyn,Wilson,cwilson87@dropbox.com,Female,221.74.206.147
297,Dana,Rissom,drissom88@cafepress.com,Female,198.148.166.207
298,Zelda,Kagan,zkagan89@tumblr.com,Female,90.136.4.159
299,Edik,Sivess,esivess8a@amazon.co.uk,Male,164.47.232.127
300,Redford,Durtnall,rdurtnall8b@icio.us,Male,174.42.95.96
301,Gregoor,Royl,groyl8c@ask.com,Male,10.127.189.148
302,Dayna,Balhatchet,dbalhatchet8d@tinypic.com,Female,183.63.174.21
303,Desmund,Shearston,dshearston8e@sohu.com,Male,116.236.16.11
304,Birch,Hanmer,bhanmer8f@is.gd,Male,28.34.34.200
305,Zara,Ellicott,zellicott8g@hatena.ne.jp,Female,28.162.212.20
306,Feliza,Kitchin,fkitchin8h@zdnet.com,Female,113.18.60.123
307,Nolan,Scothorne,nscothorne8i@woothemes.com,Male,243.212.63.50
308,Kelci,Deschelle,kdeschelle8j@msn.com,Female,200.106.9.210
309,Benedikt,Conn,bconn8k@fema.gov,Male,86.224.24.2
310,Sydney,Beevis,sbeevis8l@constantcontact.com,Male,4.90.1.134
311,Germana,Pickersgill,gpickersgill8m@posterous.com,Female,38.160.38.245
312,Lindsey,Britton,lbritton8n@wiley.com,Female,66.134.89.181
313,Kathlin,Redshaw,kredshaw8o@theglobeandmail.com,Female,197.191.195.212
314,Arne,Boays,aboays8p@naver.com,Male,226.188.176.247
315,Broderick,Welch,bwelch8q@bigcartel.com,Male,151.235.232.38
316,Polly,Vescovini,pvescovini8r@yandex.ru,Female,176.52.240.118
317,Wendel,Hilbourne,whilbourne8s@dot.gov,Male,106.253.24.183
318,Cory,Hopewell,chopewell8t@loc.gov,Female,185.14.95.35
319,Neille,Gopsell,ngopsell8u@sohu.com,Female,82.136.70.91
320,Jeannie,Ivashintsov,jivashintsov8v@msu.edu,Female,111.187.83.3
321,Elle,Hearst,ehearst8w@chicagotribune.com,Female,228.168.197.162
322,Friedrich,Fleming,ffleming8x@ibm.com,Male,28.132.247.135
323,Kylynn,Sibbe,ksibbe8y@dyndns.org,Female,19.252.19.82
324,Guthrey,Sharma,gsharma8z@arstechnica.com,Male,2.176.55.251
325,Jemmy,Petrina,jpetrina90@last.fm,Female,5.5.149.70
326,Hasheem,Maeer,hmaeer91@imageshack.us,Male,17.230.211.87
327,Corenda,Newsham,cnewsham92@dell.com,Female,211.147.39.30
328,Corenda,Spiring,cspiring93@ted.com,Female,109.231.231.117
329,Spencer,Delany,sdelany94@xing.com,Male,150.49.163.91
330,Jane,Axell,jaxell95@cbslocal.com,Female,241.33.180.251
331,Kalinda,De Carlo,kdecarlo96@freewebs.com,Female,252.100.126.14
332,Elene,Endley,eendley97@wikipedia.org,Female,52.83.93.209
333,Dotty,Beak,dbeak98@mayoclinic.com,Female,87.237.29.167
334,Casie,Pell,cpell99@umich.edu,Female,218.6.223.251
335,Tomlin,Brown,tbrown9a@mtv.com,Male,17.223.169.105
336,Iorgos,Chafer,ichafer9b@over-blog.com,Male,235.199.96.10
337,Noak,Pedrocchi,npedrocchi9c@cdbaby.com,Male,62.108.24.204
338,Henryetta,Cockton,hcockton9d@addthis.com,Female,254.221.8.1
339,Park,Boam,pboam9e@moonfruit.com,Male,75.13.20.64
340,Ulrika,Robbeke,urobbeke9f@phoca.cz,Female,214.15.228.105
341,Garret,Delgardillo,gdelgardillo9g@issuu.com,Male,29.61.136.243
342,Jerald,Ozanne,jozanne9h@bloomberg.com,Male,206.229.16.19
343,Duane,Pigford,dpigford9i@digg.com,Male,138.65.121.84
344,Emmanuel,Martel,emartel9j@php.net,Male,109.74.231.111
345,Ado,Keating,akeating9k@soup.io,Male,139.197.44.137
346,Gabie,Osinin,gosinin9l@yellowpages.com,Male,150.237.193.58
347,Max,Vedyasov,mvedyasov9m@phpbb.com,Female,239.201.101.247
348,Barbaraanne,Binnes,bbinnes9n@sohu.com,Female,6.133.161.141
349,Filip,Kighly,fkighly9o@ucla.edu,Male,70.14.50.39
350,Kirby,Vant,kvant9p@patch.com,Male,145.90.79.124
351,Rafael,Skillington,rskillington9q@gmpg.org,Male,79.47.235.203
352,Skippie,Bindley,sbindley9r@addtoany.com,Male,175.148.124.67
353,Roland,Skally,rskally9s@gov.uk,Male,80.227.115.22
354,Elsbeth,Bernardini,ebernardini9t@biblegateway.com,Female,163.165.88.48
355,Eleanora,Aspin,easpin9u@desdev.cn,Female,132.14.215.87
356,Odo,Willbraham,owillbraham9v@pen.io,Male,58.194.246.236
357,Filmer,Halls,fhalls9w@infoseek.co.jp,Male,105.23.42.91
358,Dall,Rosendall,drosendall9x@loc.gov,Male,59.140.96.64
359,Onfroi,Davidovic,odavidovic9y@redcross.org,Male,203.110.205.101
360,Aimil,McGuff,amcguff9z@wordpress.org,Female,230.35.158.242
361,Candie,Brugmann,cbrugmanna0@mozilla.org,Female,251.124.152.144
362,Fayina,Gronous,fgronousa1@prnewswire.com,Female,94.229.235.218
363,Dilly,Allsworth,dallswortha2@sourceforge.net,Male,80.84.5.52
364,Zahara,Bauduccio,zbauduccioa3@instagram.com,Female,165.60.185.45
365,Cecilio,Heningham,cheninghama4@fc2.com,Male,28.156.86.124
366,Ebony,Mulholland,emulhollanda5@ocn.ne.jp,Female,107.94.169.81
367,Sheffield,Kondrachenko,skondrachenkoa6@narod.ru,Male,96.94.136.57
368,Les,Purvess,lpurvessa7@naver.com,Male,246.65.136.23
369,Shanna,Corp,scorpa8@twitpic.com,Female,88.242.238.73
370,Elvira,Charpling,echarplinga9@cornell.edu,Female,164.56.95.73
371,Jerrine,Collar,jcollaraa@ebay.co.uk,Female,247.70.227.66
372,Guthry,Reinisch,greinischab@edublogs.org,Male,160.69.106.121
373,Kamilah,Shortland,kshortlandac@comsenz.com,Female,59.16.212.180
374,Jory,Duhig,jduhigad@nymag.com,Male,61.187.135.121
375,Daryle,Dursley,ddursleyae@weibo.com,Male,249.81.129.153
376,Cindelyn,Devenny,cdevennyaf@yandex.ru,Female,243.84.38.152
377,Jobyna,Entreis,jentreisag@illinois.edu,Female,205.212.224.71
378,Shel,Alyutin,salyutinah@xinhuanet.com,Female,150.112.237.238
379,Cathe,Ortmann,cortmannai@nymag.com,Female,254.113.169.197
380,Jermain,Trosdall,jtrosdallaj@miibeian.gov.cn,Male,105.206.225.42
381,Heinrik,Elsmor,helsmorak@examiner.com,Male,60.112.156.205
382,Tommi,Huskisson,thuskissonal@themeforest.net,Female,18.172.166.168
383,Mellie,Lawerence,mlawerenceam@wired.com,Female,84.191.142.121
384,Carlo,Scullard,cscullardan@stumbleupon.com,Male,232.48.82.82
385,Dore,Muckersie,dmuckersieao@istockphoto.com,Female,65.168.18.136
386,Chance,Gyrgorwicx,cgyrgorwicxap@fema.gov,Male,119.79.192.210
387,Pearle,Thresh,pthreshaq@bandcamp.com,Female,16.177.81.246
388,Gawen,Authers,gauthersar@nature.com,Male,25.86.221.148
389,Dominica,Wilflinger,dwilflingeras@people.com.cn,Female,148.90.130.216
390,Klarrisa,Eisikowitz,keisikowitzat@tamu.edu,Female,96.221.255.171
391,Dwayne,Strain,dstrainau@bravesites.com,Male,118.118.150.83
392,Gregoor,Kaaskooper,gkaaskooperav@reddit.com,Male,110.46.204.36
393,Doralia,Aingell,daingellaw@ameblo.jp,Female,72.206.139.114
394,Carlene,Focke,cfockeax@yelp.com,Female,65.78.80.190
395,Tallie,Ruppertz,truppertzay@mapquest.com,Male,70.12.188.48
396,Ruthann,Fortin,rfortinaz@gov.uk,Female,170.190.191.48
397,Iorgos,Myhan,imyhanb0@bing.com,Male,77.235.144.144
398,Ibbie,Hubeaux,ihubeauxb1@webs.com,Female,121.70.2.219
399,Hill,Cumpsty,hcumpstyb2@globo.com,Male,130.177.141.10
400,Franky,Pablo,fpablob3@businesswire.com,Male,62.3.12.60
401,Herrick,McIlwrick,hmcilwrickb4@homestead.com,Male,93.42.58.244
402,Shannah,Twycross,stwycrossb5@smugmug.com,Female,33.152.90.252
403,Sinclare,Carrivick,scarrivickb6@sakura.ne.jp,Male,74.212.143.88
404,Lynda,Jevons,ljevonsb7@epa.gov,Female,86.40.167.44
405,Felecia,Trayton,ftraytonb8@soup.io,Female,9.60.128.157
406,Carrie,Brafield,cbrafieldb9@census.gov,Female,245.231.176.166
407,Darn,Rentelll,drentelllba@fotki.com,Male,136.115.14.230
408,Kelcy,Chomley,kchomleybb@com.com,Female,21.25.37.249
409,Filippa,Hellwig,fhellwigbc@gmpg.org,Female,4.108.245.248
410,Myrvyn,O'Sherin,mosherinbd@umich.edu,Male,57.74.217.105
411,Deny,Fullun,dfullunbe@over-blog.com,Female,150.92.184.138
412,Nissy,Youd,nyoudbf@psu.edu,Female,135.1.75.41
413,Igor,Jeanin,ijeaninbg@msn.com,Male,98.2.98.42
414,Pen,Aspey,paspeybh@alibaba.com,Male,173.7.149.57
415,Alistair,Attawell,aattawellbi@xing.com,Male,229.225.196.194
416,Giacopo,Babbe,gbabbebj@examiner.com,Male,66.176.227.231
417,Thaddeus,Presdee,tpresdeebk@dot.gov,Male,206.75.220.190
418,Feliks,Palley,fpalleybl@1688.com,Male,139.245.107.235
419,Felizio,Parlour,fparlourbm@loc.gov,Male,96.156.183.79
420,Justin,Langhor,jlanghorbn@washington.edu,Male,44.31.103.162
421,Torre,Lavallie,tlavalliebo@xrea.com,Male,198.49.26.59
422,Lynnea,Benesevich,lbenesevichbp@reddit.com,Female,1.14.250.41
423,Mercy,Petel,mpetelbq@uiuc.edu,Female,39.245.213.136
424,Wyatan,Kincey,wkinceybr@patch.com,Male,163.243.114.67
425,Tanney,Tye,ttyebs@netscape.com,Male,249.189.179.163
426,Orlan,Hamil,ohamilbt@ovh.net,Male,224.59.192.248
427,Mei,Potts,mpottsbu@wordpress.com,Female,146.66.106.236
428,Reece,Binge,rbingebv@cnet.com,Male,46.96.223.242
429,Aymer,Kearney,akearneybw@gizmodo.com,Male,251.145.189.245
430,Abbie,Largan,alarganbx@indiatimes.com,Male,24.216.9.237
431,Fidole,Heindl,fheindlby@about.me,Male,30.177.156.235
432,Anthea,Vedeneev,avedeneevbz@state.tx.us,Female,245.247.193.50
433,Katerina,Scothron,kscothronc0@symantec.com,Female,15.119.172.224
434,Hartwell,Makey,hmakeyc1@dyndns.org,Male,33.27.172.62
435,Luelle,McNiff,lmcniffc2@comcast.net,Female,219.235.24.5
436,Birk,Howel,bhowelc3@nyu.edu,Male,114.195.149.71
437,Beniamino,Barrett,bbarrettc4@ucoz.ru,Male,233.250.232.2
438,Bobbee,Kulver,bkulverc5@1und1.de,Female,229.37.180.22
439,Stewart,Keson,skesonc6@jalbum.net,Male,164.190.5.160
440,Hakim,Gumary,hgumaryc7@baidu.com,Male,14.174.49.4
441,Bonnee,Lightewood,blightewoodc8@slate.com,Female,74.199.114.228
442,Vivianna,Yacob,vyacobc9@hexun.com,Female,57.73.32.182
443,Sandie,Cathrall,scathrallca@unicef.org,Female,88.44.245.51
444,Bastien,Weatherall,bweatherallcb@lulu.com,Male,176.135.68.217
445,Maye,Andrin,mandrincc@so-net.ne.jp,Female,92.129.194.95
446,Corrinne,Markel,cmarkelcd@eventbrite.com,Female,215.158.189.190
447,Hebert,Whellams,hwhellamsce@cafepress.com,Male,17.143.14.122
448,Brodie,Odgers,bodgerscf@live.com,Male,187.73.179.79
449,Rebecka,Costelow,rcostelowcg@wired.com,Female,222.144.244.61
450,Jackie,Giacopetti,jgiacopettich@oaic.gov.au,Male,249.31.222.93
451,Kylynn,Tinston,ktinstonci@oakley.com,Female,224.124.202.78
452,Gilberto,Adan,gadancj@flavors.me,Male,194.26.162.129
453,Ethelind,McFarlane,emcfarlaneck@seesaa.net,Female,81.199.246.175
454,Jaquelin,Le Grand,jlegrandcl@dedecms.com,Female,130.4.150.157
455,Brice,Fisbey,bfisbeycm@sina.com.cn,Male,107.133.14.67
456,Crichton,Turton,cturtoncn@mediafire.com,Male,42.157.168.1
457,Lynn,Barltrop,lbarltropco@creativecommons.org,Male,253.98.210.191
458,Lulu,Piwall,lpiwallcp@desdev.cn,Female,30.156.167.42
459,Cristy,Greeson,cgreesoncq@mayoclinic.com,Female,180.193.74.83
460,Leigh,Mutter,lmuttercr@usatoday.com,Female,21.196.102.172
461,Marla,Blanque,mblanquecs@miitbeian.gov.cn,Female,20.192.229.202
462,Glory,Guidoni,gguidonict@stumbleupon.com,Female,73.248.140.201
463,Wallache,Kelston,wkelstoncu@wsj.com,Male,139.30.144.142
464,Maridel,Varley,mvarleycv@exblog.jp,Female,110.253.166.146
465,Ardelis,Deane,adeanecw@si.edu,Female,72.171.26.31
466,Kelly,Fruchter,kfruchtercx@rakuten.co.jp,Male,96.40.141.184
467,Arty,Obeney,aobeneycy@friendfeed.com,Male,238.62.214.194
468,Normand,Kull,nkullcz@chicagotribune.com,Male,143.170.139.226
469,Malcolm,Handyside,mhandysided0@narod.ru,Male,225.40.103.75
470,Sydney,Boorne,sboorned1@zdnet.com,Female,240.148.109.138
471,Gretta,Szymoni,gszymonid2@nasa.gov,Female,253.43.125.54
472,Adelind,Wyburn,awyburnd3@1und1.de,Female,71.103.98.94
473,Oswell,McClements,omcclementsd4@macromedia.com,Male,232.68.173.130
474,Leonora,Charlwood,lcharlwoodd5@businesswire.com,Female,185.226.64.223
475,Leodora,Allonby,lallonbyd6@discuz.net,Female,131.216.131.42
476,Rickard,Panyer,rpanyerd7@ovh.net,Male,196.5.241.149
477,Fionna,Oldacre,foldacred8@boston.com,Female,232.178.158.40
478,Neils,de Castelain,ndecastelaind9@businessweek.com,Male,119.17.44.214
479,Erl,Kaminski,ekaminskida@wikipedia.org,Male,159.227.36.222
480,Berk,Cavill,bcavilldb@mit.edu,Male,123.195.154.69
481,Brittaney,Stuchburie,bstuchburiedc@ask.com,Female,160.1.246.140
482,Lisha,Capstake,lcapstakedd@ezinearticles.com,Female,133.140.228.226
483,Hagan,Cordingley,hcordingleyde@google.com.hk,Male,104.74.139.111
484,Paulita,Dawkins,pdawkinsdf@tiny.cc,Female,246.108.216.100
485,Penny,Marcam,pmarcamdg@economist.com,Male,153.3.78.162
486,Hazel,Grazier,hgrazierdh@bandcamp.com,Male,21.205.16.43
487,Nevins,Zanolli,nzanollidi@answers.com,Male,21.188.189.158
488,Emmery,Whitlaw,ewhitlawdj@eepurl.com,Male,2.44.30.167
489,Dinny,Kings,dkingsdk@usnews.com,Female,75.134.186.115
490,Jackie,Lowles,jlowlesdl@friendfeed.com,Female,204.178.129.184
491,Estevan,Barfield,ebarfielddm@cisco.com,Male,209.114.140.39
492,Dana,Gerhartz,dgerhartzdn@blinklist.com,Male,83.154.195.206
493,Brett,Eagle,beagledo@xinhuanet.com,Female,5.172.145.56
494,Ximenes,Boorer,xboorerdp@jiathis.com,Male,50.108.121.2
495,Morty,Krysiak,mkrysiakdq@scribd.com,Male,91.143.23.180
496,Laurel,Sweetman,lsweetmandr@thetimes.co.uk,Female,37.58.26.13
497,Clarine,Maurice,cmauriceds@aboutads.info,Female,238.240.116.116
498,Neddy,Wornum,nwornumdt@vk.com,Male,203.206.165.128
499,Elysia,Kilgour,ekilgourdu@admin.ch,Female,197.97.228.181
500,Cassandra,Pringley,cpringleydv@wordpress.com,Female,117.94.199.214
501,Tina,Hutson,thutsondw@seattletimes.com,Female,35.63.162.27
502,Coraline,Trays,ctraysdx@wordpress.com,Female,43.27.39.233
503,Caspar,Denial,cdenialdy@disqus.com,Male,40.113.34.17
504,Lyle,Fenney,lfenneydz@businessweek.com,Male,210.150.3.239
505,Celestyna,Nissle,cnisslee0@cnn.com,Female,99.143.15.140
506,Rodolphe,Kimmitt,rkimmitte1@google.it,Male,35.140.96.19
507,Gui,Macconaghy,gmacconaghye2@vistaprint.com,Female,171.22.30.247
508,Guendolen,Grunson,ggrunsone3@princeton.edu,Female,57.253.205.164
509,Krystle,Maginn,kmaginne4@nbcnews.com,Female,91.161.92.134
510,Finlay,Ledgley,fledgleye5@mapquest.com,Male,152.240.222.10
511,Brandon,Rabson,brabsone6@godaddy.com,Male,175.17.0.235
512,Talia,Geffe,tgeffee7@artisteer.com,Female,148.152.186.248
513,Finlay,Ivashnyov,fivashnyove8@unblog.fr,Male,178.193.224.126
514,Forrest,Trobey,ftrobeye9@joomla.org,Male,97.84.9.76
515,Holly,Calven,hcalvenea@nasa.gov,Male,112.163.246.167
516,L;urette,Adran,ladraneb@google.com.br,Female,110.30.108.248
517,Blinni,Forkan,bforkanec@blogs.com,Female,225.243.25.86
518,Vinnie,McKeggie,vmckeggieed@aol.com,Male,75.39.243.101
519,Davide,Lightbowne,dlightbowneee@booking.com,Male,7.121.7.0
520,Allyce,Jeenes,ajeenesef@mac.com,Female,128.120.240.106
521,Vitia,Perrot,vperroteg@altervista.org,Female,77.92.77.13
522,Theda,Lilly,tlillyeh@nps.gov,Female,250.4.233.168
523,Kennith,Swayton,kswaytonei@statcounter.com,Male,212.83.0.73
524,Debra,Loseby,dlosebyej@toplist.cz,Female,184.4.146.135
525,Gottfried,Gynni,ggynniek@nps.gov,Male,21.58.11.213
526,Hobard,Fairfoul,hfairfoulel@example.com,Male,86.237.77.106
527,Meggy,Pieracci,mpieracciem@myspace.com,Female,207.91.66.218
528,Jinny,Matskevich,jmatskevichen@bigcartel.com,Female,78.103.56.218
529,Kit,Algeo,kalgeoeo@bbc.co.uk,Male,162.60.88.250
530,Abbe,Kruger,akrugerep@mapy.cz,Female,197.7.35.103
531,Odie,Penke,openkeeq@google.co.jp,Male,21.173.184.245
532,Lizabeth,McKyrrelly,lmckyrrellyer@mozilla.com,Female,210.128.46.166
533,Nathanael,Bovingdon,nbovingdones@yelp.com,Male,80.83.13.64
534,Rachael,Rembrant,rrembrantet@prnewswire.com,Female,2.247.83.73
535,Jaclin,MacKowle,jmackowleeu@statcounter.com,Female,74.172.93.34
536,Pavel,Chainey,pchaineyev@pcworld.com,Male,185.241.19.78
537,Adan,Staples,astaplesew@prweb.com,Male,210.236.126.237
538,Regan,Ivett,rivettex@rakuten.co.jp,Female,100.11.216.30
539,Son,Atthowe,satthoweey@paginegialle.it,Male,166.209.118.101
540,Johann,Ferrillio,jferrillioez@ycombinator.com,Male,143.219.8.49
541,Paten,Molnar,pmolnarf0@quantcast.com,Male,198.173.115.113
542,Vail,Espinas,vespinasf1@mapy.cz,Male,43.37.169.222
543,Olympia,Stiant,ostiantf2@mac.com,Female,135.67.40.126
544,Marthena,Huburn,mhuburnf3@sciencedirect.com,Female,77.241.162.128
545,Arabela,Kynston,akynstonf4@merriam-webster.com,Female,84.110.38.63
546,Rosabella,Palluschek,rpalluschekf5@java.com,Female,69.117.93.218
547,Cindee,Rishbrook,crishbrookf6@wikimedia.org,Female,80.46.213.111
548,Isidoro,Shillinglaw,ishillinglawf7@bloglines.com,Male,192.147.229.212
549,Stanislaw,Boots,sbootsf8@e-recht24.de,Male,107.183.191.180
550,Van,Form,vformf9@un.org,Female,135.130.44.105
551,Richmond,Toplin,rtoplinfa@wikimedia.org,Male,149.142.69.227
552,Prudi,Eseler,peselerfb@pcworld.com,Female,34.246.10.149
553,Tore,Lipyeat,tlipyeatfc@mayoclinic.com,Male,17.33.15.228
554,Esteban,Tuhy,etuhyfd@go.com,Male,20.108.219.206
555,Lane,Crackel,lcrackelfe@netscape.com,Male,195.56.88.240
556,Adler,Tippetts,atippettsff@huffingtonpost.com,Male,78.89.254.49
557,Jacquelyn,Simonds,jsimondsfg@bigcartel.com,Female,5.205.247.169
558,Jecho,Bartalini,jbartalinifh@wp.com,Male,31.190.73.129
559,Christin,Pinshon,cpinshonfi@patch.com,Female,151.188.31.66
560,Alexina,Allbut,aallbutfj@cyberchimps.com,Female,177.93.71.26
561,Adrianne,Mar,amarfk@ycombinator.com,Female,127.63.74.11
562,Emmy,Forsard,eforsardfl@bigcartel.com,Male,154.66.12.79
563,Twila,Garbert,tgarbertfm@soundcloud.com,Female,205.100.185.4
564,Sanderson,Hawkings,shawkingsfn@angelfire.com,Male,247.232.208.245
565,Caryn,Lagden,clagdenfo@blinklist.com,Female,124.25.228.5
566,Morty,Jillett,mjillettfp@chronoengine.com,Male,158.179.153.38
567,Caryn,McRitchie,cmcritchiefq@dropbox.com,Female,187.24.14.158
568,Kathlin,Weatherby,kweatherbyfr@cam.ac.uk,Female,243.60.222.226
569,Lionello,McClarence,lmcclarencefs@va.gov,Male,9.4.106.201
570,Giustina,Shillam,gshillamft@bloomberg.com,Female,159.54.200.141
571,Bayard,Jambrozek,bjambrozekfu@columbia.edu,Male,106.166.32.242
572,Magnum,Grisard,mgrisardfv@columbia.edu,Male,171.166.211.118
573,Alaster,Lister,alisterfw@dmoz.org,Male,108.135.130.45
574,Emilio,Cayford,ecayfordfx@umn.edu,Male,110.173.227.59
575,Adelle,Smuth,asmuthfy@fda.gov,Female,141.210.122.14
576,Michel,Gian,mgianfz@pinterest.com,Male,129.117.252.77
577,Vonny,Shotter,vshotterg0@princeton.edu,Female,37.81.186.250
578,Dougy,Brownlee,dbrownleeg1@twitter.com,Male,58.7.242.37
579,Carlina,Heinssen,cheinsseng2@ucsd.edu,Female,38.39.219.41
580,Vale,Dury,vduryg3@imgur.com,Male,217.19.147.205
581,Josephina,Bubbear,jbubbearg4@domainmarket.com,Female,181.120.112.162
582,Mira,Pond,mpondg5@unicef.org,Female,236.113.146.7
583,Keelia,Balling,kballingg6@geocities.jp,Female,5.242.144.36
584,Rosabelle,Joskovitch,rjoskovitchg7@usda.gov,Female,208.196.86.175
585,Adah,Scemp,ascempg8@cocolog-nifty.com,Female,104.202.111.120
586,Antonietta,Pattesall,apattesallg9@engadget.com,Female,196.175.200.140
587,Rene,McGerraghty,rmcgerraghtyga@cornell.edu,Male,96.27.234.169
588,Lorry,Colliar,lcolliargb@slate.com,Male,39.145.91.72
589,Florri,Tough,ftoughgc@ehow.com,Female,75.41.138.102
590,Buddy,Cancellor,bcancellorgd@boston.com,Male,24.67.129.13
591,Costanza,Backman,cbackmange@simplemachines.org,Female,219.172.42.48
592,Bobbee,Lutman,blutmangf@dagondesign.com,Female,28.114.241.135
593,Muriel,Copes,mcopesgg@noaa.gov,Female,105.155.214.29
594,Levey,McMeanma,lmcmeanmagh@soundcloud.com,Male,146.19.230.90
595,Susann,Dash,sdashgi@sogou.com,Female,62.105.231.245
596,Laina,Halliwell,lhalliwellgj@creativecommons.org,Female,148.192.127.26
597,Issie,Dungate,idungategk@cnn.com,Female,186.33.19.46
598,Illa,Telfer,itelfergl@geocities.jp,Female,114.250.240.33
599,Nydia,Bondley,nbondleygm@sohu.com,Female,16.152.159.216
600,Rani,Konneke,rkonnekegn@privacy.gov.au,Female,52.35.128.220
601,Victoria,Carlsson,vcarlssongo@goo.ne.jp,Female,117.211.119.67
602,Becky,Barkshire,bbarkshiregp@biglobe.ne.jp,Female,181.181.224.66
603,Keefer,Devericks,kdevericksgq@gov.uk,Male,106.131.145.61
604,Giovanni,Singleton,gsingletongr@g.co,Male,13.191.175.73
605,Frannie,MacLennan,fmaclennangs@github.com,Male,214.189.11.185
606,Zacharia,Esposi,zesposigt@ihg.com,Male,169.200.76.128
607,Clayborne,Brett,cbrettgu@fema.gov,Male,237.192.56.192
608,Duke,McFayden,dmcfaydengv@jalbum.net,Male,18.88.235.186
609,Leoine,Bastistini,lbastistinigw@instagram.com,Female,82.106.213.79
610,Coralie,Commins,ccomminsgx@mayoclinic.com,Female,128.191.160.228
611,Neda,Scoble,nscoblegy@chronoengine.com,Female,78.224.158.245
612,Agretha,Harnett,aharnettgz@hao123.com,Female,197.252.51.76
613,Ninette,Bendon,nbendonh0@wisc.edu,Female,72.121.217.255
614,Julia,McVitie,jmcvitieh1@oracle.com,Female,139.123.221.241
615,Toddie,Ragbourn,tragbournh2@eventbrite.com,Male,233.47.62.71
616,Lindy,Lipscomb,llipscombh3@tiny.cc,Female,242.79.36.205
617,Conny,Selly,csellyh4@php.net,Female,106.224.242.75
618,Sly,Gethins,sgethinsh5@google.com.hk,Male,219.214.16.67
619,Abbot,Abson,aabsonh6@cafepress.com,Male,196.160.166.158
620,Fancy,Petty,fpettyh7@goodreads.com,Female,46.97.73.19
621,Lind,Abba,labbah8@blogs.com,Female,143.46.79.140
622,Sandy,D'eye,sdeyeh9@tripadvisor.com,Male,192.150.193.52
623,Rochester,Orgel,rorgelha@statcounter.com,Male,232.203.139.246
624,Ethe,D'Hooghe,edhooghehb@tumblr.com,Male,195.16.228.42
625,Arel,Louthe,alouthehc@so-net.ne.jp,Male,100.166.103.225
626,Jordan,Girault,jgiraulthd@ehow.com,Female,15.135.135.41
627,Brantley,Meric,bmeriche@wisc.edu,Male,249.221.40.214
628,Nissie,Portwaine,nportwainehf@ihg.com,Female,182.25.155.198
629,Che,Ortells,cortellshg@amazon.co.uk,Male,205.227.119.146
630,Reta,Tolliday,rtollidayhh@geocities.com,Female,177.7.246.57
631,Felicle,Ruegg,fruegghi@jimdo.com,Female,187.193.181.229
632,Shelby,Lippett,slippetthj@wired.com,Male,94.35.158.208
633,Amandie,Prattin,aprattinhk@acquirethisname.com,Female,3.17.94.96
634,Anna,Klulisek,aklulisekhl@com.com,Female,249.3.243.43
635,Billye,Creggan,bcregganhm@upenn.edu,Female,206.157.28.194
636,Erie,Otham,eothamhn@google.fr,Male,156.226.51.144
637,Kristos,Wieprecht,kwieprechtho@xing.com,Male,94.3.139.254
638,Anders,MacDowall,amacdowallhp@digg.com,Male,9.155.85.173
639,Gabby,Philcott,gphilcotthq@weibo.com,Male,238.248.199.51
640,Ilka,Issacson,iissacsonhr@sogou.com,Female,144.143.108.236
641,Babbette,Patzelt,bpatzelths@nih.gov,Female,152.78.92.14
642,Domeniga,Arkil,darkilht@auda.org.au,Female,224.19.44.129
643,Lincoln,Gilchriest,lgilchriesthu@go.com,Male,148.93.122.112
644,Indira,Coare,icoarehv@wordpress.com,Female,120.33.184.98
645,Constantin,Dulinty,cdulintyhw@ox.ac.uk,Male,239.1.226.13
646,Amandie,Berntssen,aberntssenhx@cdc.gov,Female,63.251.82.115
647,Theobald,Geck,tgeckhy@wikimedia.org,Male,255.37.194.137
648,Zeke,Everal,zeveralhz@quantcast.com,Male,103.101.197.235
649,Therine,Connett,tconnetti0@noaa.gov,Female,205.70.137.66
650,Dolores,Kiddle,dkiddlei1@baidu.com,Female,44.7.233.89
651,Nevsa,MacAskie,nmacaskiei2@guardian.co.uk,Female,115.148.235.77
652,Nial,Sparke,nsparkei3@shop-pro.jp,Male,140.92.139.34
653,Amargo,Dinsey,adinseyi4@msn.com,Female,248.145.10.83
654,Meggi,Ceeley,mceeleyi5@canalblog.com,Female,210.42.108.109
655,Skipton,Casaletto,scasalettoi6@irs.gov,Male,240.226.124.102
656,Van,Creigan,vcreigani7@topsy.com,Male,85.53.173.91
657,Giorgi,Alabone,galabonei8@toplist.cz,Male,201.223.58.235
658,Teddie,Fritz,tfritzi9@addtoany.com,Male,216.134.107.192
659,L;urette,Hodge,lhodgeia@slashdot.org,Female,94.246.52.64
660,Alanson,Plover,aploverib@vkontakte.ru,Male,148.76.202.129
661,Codie,Galpin,cgalpinic@wunderground.com,Female,119.172.131.218
662,Jeanna,Wyndham,jwyndhamid@nih.gov,Female,233.19.7.57
663,Bowie,Boch,bbochie@aboutads.info,Male,237.119.230.156
664,Jerad,Blind,jblindif@wordpress.org,Male,36.176.226.225
665,Tawnya,Silmon,tsilmonig@harvard.edu,Female,159.48.192.225
666,Danny,Rickell,drickellih@soundcloud.com,Female,151.144.242.12
667,Orin,Maffulli,omaffulliii@cargocollective.com,Male,152.135.102.122
668,Evered,Belmont,ebelmontij@slashdot.org,Male,25.157.151.198
669,Carlota,Caulcutt,ccaulcuttik@myspace.com,Female,62.227.236.163
670,Caresa,Lyard,clyardil@samsung.com,Female,93.104.46.3
671,Britt,Oddy,boddyim@mit.edu,Female,120.134.125.136
672,Stearn,Binstead,sbinsteadin@soundcloud.com,Male,120.63.128.231
673,Alaine,Moncrefe,amoncrefeio@ft.com,Female,192.124.3.52
674,Karl,Bilverstone,kbilverstoneip@cmu.edu,Male,191.125.140.158
675,Gerardo,Zupa,gzupaiq@jugem.jp,Male,210.249.111.3
676,Sergei,Ellaman,sellamanir@berkeley.edu,Male,201.43.90.149
677,Jerrie,Kach,jkachis@nature.com,Male,2.29.62.99
678,Linette,Trehearn,ltrehearnit@amazon.com,Female,148.115.212.182
679,Donny,Felderer,dfeldereriu@barnesandnoble.com,Male,154.73.1.183
680,Lorenza,Pisculli,lpisculliiv@google.com.au,Female,209.187.201.213
681,Julee,Gooms,jgoomsiw@w3.org,Female,73.26.168.61
682,Jerrie,Bolver,jbolverix@jalbum.net,Male,50.71.66.11
683,Anthia,Oxherd,aoxherdiy@engadget.com,Female,192.68.90.214
684,Dyane,O'Driscole,dodriscoleiz@sogou.com,Female,225.14.3.188
685,Kassi,Ratke,kratkej0@angelfire.com,Female,18.99.116.43
686,Langsdon,Deerr,ldeerrj1@aol.com,Male,97.153.168.116
687,Rowen,Ondra,rondraj2@ebay.com,Male,101.135.127.145
688,Jenica,Shemilt,jshemiltj3@qq.com,Female,68.29.5.83
689,Titus,Sanders,tsandersj4@bizjournals.com,Male,245.1.248.38
690,Ardine,Standrin,astandrinj5@opensource.org,Female,136.172.30.222
691,Guglielma,Stonebanks,gstonebanksj6@ucla.edu,Female,195.64.252.21
692,Linnell,Ghelarducci,lghelarduccij7@cnet.com,Female,171.69.165.101
693,Kristo,Shadfourth,kshadfourthj8@constantcontact.com,Male,216.186.124.123
694,Lissie,Lenin,lleninj9@blinklist.com,Female,196.0.236.224
695,Audy,Langfat,alangfatja@boston.com,Female,227.198.8.58
696,Abran,Grunwall,agrunwalljb@bigcartel.com,Male,29.124.152.94
697,Eachelle,Hamber,ehamberjc@businessweek.com,Female,75.100.140.140
698,Lionello,Totman,ltotmanjd@google.ca,Male,224.124.122.118
699,Elvera,Egginton,eeggintonje@princeton.edu,Female,160.141.227.58
700,Brodie,Lidgley,blidgleyjf@barnesandnoble.com,Male,21.181.200.156
701,Wyatt,Wareing,wwareingjg@noaa.gov,Male,125.193.140.145
702,Webb,Tesauro,wtesaurojh@timesonline.co.uk,Male,57.187.58.185
703,Roslyn,Gladhill,rgladhillji@purevolume.com,Female,91.171.241.14
704,Ferdy,Goor,fgoorjj@utexas.edu,Male,10.197.109.29
705,Sydel,Renneke,srennekejk@ox.ac.uk,Female,245.19.254.226
706,Bentley,Cess,bcessjl@themeforest.net,Male,251.52.129.105
707,Hagen,Ledeker,hledekerjm@lycos.com,Male,121.93.73.178
708,Gregoor,Iowarch,giowarchjn@t-online.de,Male,65.69.131.219
709,Juieta,Minett,jminettjo@deliciousdays.com,Female,114.212.57.198
710,Vanya,Duchan,vduchanjp@prnewswire.com,Male,92.53.14.112
711,Gianna,Fairlamb,gfairlambjq@bbc.co.uk,Female,251.113.118.64
712,Rolando,Dymott,rdymottjr@angelfire.com,Male,42.87.86.170
713,Marrissa,Cockroft,mcockroftjs@xrea.com,Female,28.50.183.98
714,Ingra,Crease,icreasejt@quantcast.com,Male,58.116.210.190
715,Becky,Crean,bcreanju@shop-pro.jp,Female,35.118.82.127
716,Halsy,Veeler,hveelerjv@sbwire.com,Male,120.65.224.39
717,Rhiamon,Collingworth,rcollingworthjw@wisc.edu,Female,45.60.140.39
718,Gabriello,Hurton,ghurtonjx@cam.ac.uk,Male,115.88.85.55
719,Vivien,Cockitt,vcockittjy@rediff.com,Female,20.193.86.12
720,Gladys,Creighton,gcreightonjz@latimes.com,Female,68.252.215.117
721,Berny,Runnett,brunnettk0@amazon.co.jp,Female,27.196.172.106
722,Elna,Soldner,esoldnerk1@xing.com,Female,88.218.229.149
723,Ransell,Hastewell,rhastewellk2@ifeng.com,Male,185.62.242.213
724,Elie,Colledge,ecolledgek3@salon.com,Female,181.173.70.123
725,Trent,Marzello,tmarzellok4@patch.com,Male,173.242.206.136
726,Karalee,Maven,kmavenk5@cocolog-nifty.com,Female,222.213.33.86
727,Yvonne,Mitchel,ymitchelk6@adobe.com,Female,205.153.19.218
728,Inger,Sayse,isaysek7@storify.com,Male,94.202.135.70
729,Izaak,Becke,ibeckek8@yale.edu,Male,138.88.158.255
730,Percival,Falkus,pfalkusk9@tinypic.com,Male,3.223.179.246
731,Hyman,Cello,hcelloka@fda.gov,Male,160.37.189.165
732,Catriona,Matyashev,cmatyashevkb@google.ru,Female,34.62.199.104
733,Jacquenette,Egiloff,jegiloffkc@columbia.edu,Female,191.159.151.238
734,Rowan,Piccard,rpiccardkd@sakura.ne.jp,Male,203.250.28.39
735,Marjie,Elsop,melsopke@rakuten.co.jp,Female,87.237.13.48
736,Trefor,Christophe,tchristophekf@wired.com,Male,86.80.129.49
737,Geralda,Hannigan,ghannigankg@abc.net.au,Female,223.243.48.4
738,Fan,Whisson,fwhissonkh@topsy.com,Female,181.1.20.70
739,Leone,Sey,lseyki@vk.com,Female,168.104.233.152
740,Paquito,O'Cahill,pocahillkj@wordpress.org,Male,162.245.238.216
741,Alleyn,Guiden,aguidenkk@bbb.org,Male,144.121.225.124
742,Zara,Bamb,zbambkl@cafepress.com,Female,169.176.49.243
743,Charmion,MacGoun,cmacgounkm@geocities.com,Female,130.85.165.158
744,Waylen,McFaell,wmcfaellkn@archive.org,Male,107.139.27.126
745,Vachel,Whickman,vwhickmanko@dmoz.org,Male,89.52.156.50
746,Vaughn,Aitcheson,vaitchesonkp@gizmodo.com,Male,175.39.248.244
747,Minetta,Thorburn,mthorburnkq@myspace.com,Female,130.229.228.119
748,Barbaraanne,Zaniolini,bzaniolinikr@businesswire.com,Female,244.67.14.191
749,Lorene,Malinowski,lmalinowskiks@washingtonpost.com,Female,191.234.250.172
750,Conrad,Erington,ceringtonkt@china.com.cn,Male,22.212.192.254
751,Jasper,Le Fevre,jlefevreku@hp.com,Male,238.72.77.212
752,Miof mela,Hourahan,mhourahankv@nba.com,Female,83.29.168.212
753,Hy,Raleston,hralestonkw@senate.gov,Male,43.84.71.47
754,Blondell,Luchetti,bluchettikx@nature.com,Female,31.107.220.102
755,Joly,Cairns,jcairnsky@tinypic.com,Female,12.30.255.231
756,Vinson,Clendinning,vclendinningkz@examiner.com,Male,94.0.19.126
757,Daffy,McGaw,dmcgawl0@wikia.com,Female,119.242.75.149
758,Dorita,Asken,daskenl1@seattletimes.com,Female,220.134.57.122
759,Babita,Lear,blearl2@ask.com,Female,193.19.49.50
760,Izak,Attiwill,iattiwilll3@freewebs.com,Male,246.245.81.75
761,Alina,Filippazzo,afilippazzol4@elpais.com,Female,142.193.26.150
762,Betta,Gerren,bgerrenl5@webmd.com,Female,240.36.224.59
763,Timmy,Paunsford,tpaunsfordl6@livejournal.com,Female,19.182.131.186
764,Caria,Artz,cartzl7@dmoz.org,Female,135.5.31.235
765,Zedekiah,Heis,zheisl8@google.com.br,Male,214.27.123.200
766,Robinet,Jansens,rjansensl9@java.com,Male,94.248.186.51
767,Berny,Marde,bmardela@slashdot.org,Female,143.124.106.56
768,Cherry,Klement,cklementlb@booking.com,Female,201.35.206.131
769,Jere,Skarr,jskarrlc@umn.edu,Male,203.255.191.167
770,Fair,Sutcliffe,fsutcliffeld@whitehouse.gov,Male,131.187.162.95
771,Delilah,Brearty,dbreartyle@i2i.jp,Female,174.22.17.138
772,Massimiliano,Dibsdale,mdibsdalelf@blogtalkradio.com,Male,105.160.113.175
773,Marietta,Northridge,mnorthridgelg@mail.ru,Female,165.25.23.79
774,Sayre,Maylor,smaylorlh@phoca.cz,Male,137.215.202.197
775,Kingston,Vell,kvellli@marketwatch.com,Male,32.246.97.32
776,Sarah,Eames,seameslj@reuters.com,Female,226.251.246.88
777,Darlleen,Godrich,dgodrichlk@ft.com,Female,131.192.186.37
778,Thaine,Mayhow,tmayhowll@seesaa.net,Male,245.208.189.137
779,Lucretia,Birdall,lbirdalllm@elegantthemes.com,Female,4.252.171.92
780,Hali,Dach,hdachln@bloomberg.com,Female,3.81.208.228
781,Jaye,Filipputti,jfilipputtilo@printfriendly.com,Male,226.60.223.59
782,Reuven,Ambrosini,rambrosinilp@liveinternet.ru,Male,156.150.221.141
783,Koressa,Grundey,kgrundeylq@twitter.com,Female,161.222.245.35
784,Kimbra,Heavy,kheavylr@soundcloud.com,Female,132.160.124.78
785,Rafi,Thorby,rthorbyls@e-recht24.de,Male,141.77.213.159
786,Al,Josephi,ajosephilt@so-net.ne.jp,Male,225.107.195.89
787,Austin,Pinner,apinnerlu@storify.com,Female,30.182.11.208
788,Dalis,Farreil,dfarreillv@prweb.com,Male,40.154.201.77
789,Carla,MacGinlay,cmacginlaylw@marketwatch.com,Female,201.192.108.137
790,Jude,Bunclark,jbunclarklx@jalbum.net,Male,33.31.169.247
791,Enrique,Kohnemann,ekohnemannly@soundcloud.com,Male,199.219.122.120
792,Constance,Matyugin,cmatyuginlz@google.co.uk,Female,110.156.194.54
793,Horatia,MacLure,hmaclurem0@yolasite.com,Female,179.234.80.93
794,Rozina,Pallin,rpallinm1@mlb.com,Female,63.164.75.132
795,Augusta,Plowell,aplowellm2@mtv.com,Female,65.98.161.37
796,Michaelina,Corain,mcorainm3@businesswire.com,Female,57.186.189.215
797,Loree,Grishukov,lgrishukovm4@cyberchimps.com,Female,83.223.252.169
798,Gloriane,Walbridge,gwalbridgem5@bandcamp.com,Female,245.192.212.33
799,Nev,Pedden,npeddenm6@google.it,Male,60.228.27.219
800,Lemmy,Bosher,lbosherm7@csmonitor.com,Male,120.176.55.63
801,Payton,Peris,pperism8@symantec.com,Male,45.71.36.59
802,Tracy,Earengey,tearengeym9@xinhuanet.com,Female,246.76.196.240
803,Maria,Grunwall,mgrunwallma@ow.ly,Female,231.250.11.94
804,Kristopher,Millery,kmillerymb@delicious.com,Male,214.164.131.17
805,Say,Skeldon,sskeldonmc@sogou.com,Male,11.214.174.206
806,Jere,Cropton,jcroptonmd@canalblog.com,Female,152.3.218.206
807,Zeb,Graves,zgravesme@cbsnews.com,Male,129.174.222.213
808,Gery,Youngman,gyoungmanmf@pinterest.com,Male,158.210.27.183
809,Aurelie,McGeorge,amcgeorgemg@reuters.com,Female,137.181.70.212
810,Rockie,Ludwell,rludwellmh@mapquest.com,Male,251.141.165.38
811,Derron,Critchard,dcritchardmi@cisco.com,Male,142.204.173.160
812,Salvador,Dudleston,sdudlestonmj@nydailynews.com,Male,113.1.125.135
813,Siward,Konneke,skonnekemk@artisteer.com,Male,215.163.5.44
814,Philippine,Ebbett,pebbettml@g.co,Female,3.239.103.224
815,Geordie,Doumer,gdoumermm@vkontakte.ru,Male,147.53.18.107
816,Wilt,Rittmeyer,writtmeyermn@mail.ru,Male,143.75.53.241
817,Jerrome,Bremmer,jbremmermo@cargocollective.com,Male,207.221.61.42
818,Vlad,Maulden,vmauldenmp@bing.com,Male,21.77.198.190
819,Ingelbert,Eisold,ieisoldmq@vimeo.com,Male,254.235.226.10
820,Malinde,Lillywhite,mlillywhitemr@geocities.com,Female,201.234.226.232
821,Mord,Papierz,mpapierzms@paypal.com,Male,87.139.68.208
822,Mamie,Sockell,msockellmt@huffingtonpost.com,Female,15.82.239.242
823,Shirlee,Barthel,sbarthelmu@yellowbook.com,Female,229.131.62.110
824,Bail,Malkinson,bmalkinsonmv@is.gd,Male,233.150.190.203
825,Irwin,Fewster,ifewstermw@google.cn,Male,88.181.230.52
826,Nelson,Livezley,nlivezleymx@house.gov,Male,79.17.114.249
827,Judon,Twinborough,jtwinboroughmy@etsy.com,Male,72.67.14.67
828,Wilbur,Prayer,wprayermz@yahoo.com,Male,183.123.84.180
829,Kliment,Ortner,kortnern0@oakley.com,Male,56.219.126.75
830,Ansell,Corbally,acorballyn1@wp.com,Male,64.253.94.148
831,Ealasaid,Meert,emeertn2@wordpress.org,Female,244.254.179.110
832,Stafford,Morpeth,smorpethn3@usa.gov,Male,231.226.188.173
833,Hershel,Merkle,hmerklen4@nymag.com,Male,51.254.79.213
834,Gillan,Verecker,gvereckern5@google.com.br,Female,88.83.233.96
835,Boycie,Wilderspoon,bwilderspoonn6@reuters.com,Male,209.35.46.60
836,Nancey,Rasher,nrashern7@twitter.com,Female,3.89.214.24
837,Ashlen,Mendoza,amendozan8@twitter.com,Female,75.224.70.177
838,Betti,Bembrigg,bbembriggn9@huffingtonpost.com,Female,14.201.58.13
839,Vincents,Gayter,vgayterna@google.fr,Male,43.184.96.44
840,Flossi,Arnoldi,farnoldinb@ask.com,Female,240.217.152.20
841,Dennison,Glass,dglassnc@technorati.com,Male,49.54.137.114
842,Devondra,Beatens,dbeatensnd@nydailynews.com,Female,19.223.80.91
843,Gloria,Stoker,gstokerne@istockphoto.com,Female,133.219.190.101
844,Bartholemy,Ambroz,bambroznf@sitemeter.com,Male,98.21.99.220
845,Roxana,Dudliston,rdudlistonng@etsy.com,Female,240.15.166.220
846,Bertrando,Luter,bluternh@mlb.com,Male,120.207.141.108
847,Osborne,Polendine,opolendineni@blogspot.com,Male,250.182.70.88
848,Codie,Forrester,cforresternj@gravatar.com,Male,115.201.253.250
849,Kelvin,Heighton,kheightonnk@linkedin.com,Male,121.253.91.38
850,Prudi,Pelos,ppelosnl@lulu.com,Female,245.79.214.139
851,Eilis,Wem,ewemnm@arizona.edu,Female,175.75.64.48
852,Margi,Le Provest,mleprovestnn@so-net.ne.jp,Female,64.103.102.105
853,Jenn,Sanper,jsanperno@youtube.com,Female,121.11.124.57
854,Alleyn,Skain,askainnp@irs.gov,Male,213.57.35.153
855,Lizzy,MacCumiskey,lmaccumiskeynq@mit.edu,Female,254.231.146.36
856,Tildi,McCallion,tmccallionnr@nhs.uk,Female,173.149.251.108
857,Cherish,cornhill,ccornhillns@time.com,Female,196.62.51.118
858,Bernadette,Stable,bstablent@discovery.com,Female,61.58.250.207
859,Nathanial,Arnson,narnsonnu@jigsy.com,Male,183.146.85.126
860,Fey,Kimmel,fkimmelnv@intel.com,Female,62.53.53.189
861,Devora,Ebbetts,debbettsnw@wikispaces.com,Female,139.124.180.198
862,Jacky,Scoggins,jscogginsnx@phpbb.com,Female,124.94.42.141
863,Bonnibelle,Kedie,bkedieny@spotify.com,Female,236.161.197.215
864,Pip,Heijnen,pheijnennz@icq.com,Male,240.20.241.4
865,Gideon,Inkpin,ginkpino0@biglobe.ne.jp,Male,66.64.65.39
866,Ophelie,Khotler,okhotlero1@free.fr,Female,208.19.90.0
867,Dmitri,Grigs,dgrigso2@mlb.com,Male,7.191.180.136
868,Portia,Ateggart,pateggarto3@ihg.com,Female,234.249.90.56
869,Alana,Buntine,abuntineo4@arstechnica.com,Female,240.123.148.107
870,Cordie,Bendtsen,cbendtseno5@cyberchimps.com,Male,6.79.101.118
871,Georgianna,Bilbrey,gbilbreyo6@lycos.com,Female,11.27.121.54
872,Sherry,Giovanetti,sgiovanettio7@zdnet.com,Female,136.174.70.157
873,Jolynn,Bladen,jbladeno8@businesswire.com,Female,81.228.242.28
874,Dukey,Slimm,dslimmo9@time.com,Male,73.181.128.61
875,Alano,Giraudo,agiraudooa@scribd.com,Male,145.50.8.251
876,Nickolas,Radbone,nradboneob@creativecommons.org,Male,13.220.115.133
877,Vittoria,Eacle,veacleoc@wikipedia.org,Female,177.206.147.145
878,Marcie,Daton,mdatonod@imgur.com,Female,78.92.208.173
879,Burl,Beardsdale,bbeardsdaleoe@google.fr,Male,62.206.89.104
880,Rasia,Van de Castele,rvandecasteleof@storify.com,Female,84.110.169.198
881,Israel,Law,ilawog@telegraph.co.uk,Male,108.238.0.148
882,Andra,Peyes,apeyesoh@discovery.com,Female,227.151.135.39
883,Dorolisa,Colson,dcolsonoi@tmall.com,Female,238.238.163.94
884,Celisse,Duding,cdudingoj@wsj.com,Female,72.23.75.159
885,Augustus,Carlett,acarlettok@techcrunch.com,Male,101.154.120.157
886,Elissa,Chelsom,echelsomol@histats.com,Female,117.58.3.222
887,Monty,Abbey,mabbeyom@tinyurl.com,Male,250.89.29.10
888,Melisandra,Lockner,mlockneron@bing.com,Female,226.251.244.110
889,Steffen,Bails,sbailsoo@wikimedia.org,Male,45.193.204.47
890,Wrennie,Angrick,wangrickop@163.com,Female,217.74.218.19
891,Talia,Joost,tjoostoq@reddit.com,Female,135.236.242.101
892,Cleon,Tipperton,ctippertonor@hc360.com,Male,207.32.33.110
893,Ruben,Growden,rgrowdenos@exblog.jp,Male,224.137.153.70
894,Micheil,Wildsmith,mwildsmithot@unicef.org,Male,149.33.215.16
895,Olympe,Plackstone,oplackstoneou@ehow.com,Female,195.107.233.43
896,Helge,Fairbanks,hfairbanksov@addthis.com,Female,22.92.187.50
897,Joelie,Leahair,jleahairow@umn.edu,Female,207.6.215.159
898,Norris,Zuppa,nzuppaox@japanpost.jp,Male,42.125.245.71
899,Madeleine,Kob,mkoboy@google.fr,Female,253.101.39.6
900,Jerrome,Leyborne,jleyborneoz@drupal.org,Male,97.239.87.147
901,Jamaal,Dallosso,jdallossop0@soundcloud.com,Male,230.254.162.107
902,Ali,Girardoni,agirardonip1@archive.org,Male,54.66.120.25
903,Vassily,Bilovsky,vbilovskyp2@exblog.jp,Male,208.113.117.30
904,Casandra,Flukes,cflukesp3@1und1.de,Female,83.21.224.155
905,Lilah,Charman,lcharmanp4@google.fr,Female,23.114.56.94
906,Doralynne,Shuter,dshuterp5@geocities.jp,Female,249.14.245.115
907,Hermine,Bruin,hbruinp6@sohu.com,Female,199.31.213.182
908,Reynold,Greetham,rgreethamp7@cnet.com,Male,18.241.102.23
909,Doro,Hembry,dhembryp8@cisco.com,Female,52.59.25.221
910,Shane,Ashley,sashleyp9@cafepress.com,Female,27.76.87.168
911,Rosalind,Honnicott,rhonnicottpa@virginia.edu,Female,164.222.164.44
912,Bria,Merfin,bmerfinpb@digg.com,Female,231.234.4.81
913,Jenica,Fryer,jfryerpc@myspace.com,Female,236.160.109.105
914,Lulita,Adcocks,ladcockspd@sohu.com,Female,39.201.254.36
915,Casey,Seaking,cseakingpe@woothemes.com,Female,164.26.67.165
916,Maurizia,Melarkey,mmelarkeypf@comcast.net,Female,105.26.102.242
917,Lynea,MacIlriach,lmacilriachpg@toplist.cz,Female,28.183.195.89
918,Odele,Burgis,oburgisph@wordpress.org,Female,172.161.71.83
919,Stearn,Balham,sbalhampi@geocities.jp,Male,85.255.64.48
920,Massimiliano,Cushion,mcushionpj@geocities.com,Male,71.136.142.99
921,Adelle,Lumm,alummpk@google.co.uk,Female,29.165.30.125
922,Ilka,Ropars,iroparspl@auda.org.au,Female,128.112.121.206
923,Kym,Palin,kpalinpm@shutterfly.com,Female,148.243.154.172
924,Abbye,Klazenga,aklazengapn@europa.eu,Female,131.5.239.82
925,Mirna,Philcock,mphilcockpo@liveinternet.ru,Female,17.43.129.174
926,Mandi,Hailey,mhaileypp@fastcompany.com,Female,229.84.208.66
927,Lew,Behninck,lbehninckpq@senate.gov,Male,26.214.161.73
928,Darill,Glavis,dglavispr@indiatimes.com,Male,199.225.234.191
929,Ara,Bennison,abennisonps@ucsd.edu,Male,221.45.68.85
930,Christin,Coltart,ccoltartpt@newyorker.com,Female,74.250.94.210
931,Julie,Rankmore,jrankmorepu@bravesites.com,Male,119.224.154.247
932,Britta,Honatsch,bhonatschpv@clickbank.net,Female,7.176.141.8
933,Farly,Romanini,fromaninipw@domainmarket.com,Male,2.165.246.149
934,Faun,Ivashchenko,fivashchenkopx@google.com,Female,223.54.154.85
935,Mortie,Minchin,mminchinpy@moonfruit.com,Male,243.48.211.167
936,Pia,Goff,pgoffpz@biblegateway.com,Female,232.93.109.2
937,Brant,Jiracek,bjiracekq0@cyberchimps.com,Male,181.165.223.99
938,Isis,Pagnin,ipagninq1@baidu.com,Female,102.159.240.96
939,Hendrick,Parzizek,hparzizekq2@vk.com,Male,77.226.27.124
940,Adriana,Stelle,astelleq3@webs.com,Female,210.246.230.151
941,Elka,Pfeffel,epfeffelq4@springer.com,Female,64.120.202.243
942,Worden,Petasch,wpetaschq5@globo.com,Male,89.232.182.31
943,Meara,Ties,mtiesq6@php.net,Female,84.7.197.233
944,Cross,Skillman,cskillmanq7@epa.gov,Male,207.122.84.193
945,Saba,Siddens,ssiddensq8@hp.com,Female,84.52.105.220
946,Harbert,Toquet,htoquetq9@topsy.com,Male,234.115.79.143
947,Rorke,Soares,rsoaresqa@diigo.com,Male,64.73.195.119
948,Darcy,Crowther,dcrowtherqb@wikispaces.com,Male,103.60.87.63
949,Alec,Loody,aloodyqc@free.fr,Male,159.64.191.71
950,Benjie,Owers,bowersqd@cisco.com,Male,202.91.201.44
951,Percy,D'Hooge,pdhoogeqe@rakuten.co.jp,Male,1.82.219.177
952,Nanette,Gethyn,ngethynqf@yellowpages.com,Female,89.132.112.97
953,Clarinda,Bode,cbodeqg@arstechnica.com,Female,66.237.224.35
954,Angil,Benck,abenckqh@sbwire.com,Female,140.0.97.107
955,Ramon,Cruwys,rcruwysqi@geocities.jp,Male,235.8.170.234
956,Mela,Chevis,mchevisqj@e-recht24.de,Female,196.78.220.102
957,Geoffry,Lorenzetto,glorenzettoqk@unicef.org,Male,178.184.164.68
958,Karlyn,Passman,kpassmanql@fda.gov,Female,58.244.231.189
959,Dita,Treleaven,dtreleavenqm@canalblog.com,Female,112.148.181.61
960,Cully,Seldon,cseldonqn@ovh.net,Male,239.166.223.246
961,Nevins,Delacroix,ndelacroixqo@dell.com,Male,243.154.37.35
962,Aurel,Emanueli,aemanueliqp@hugedomains.com,Female,228.132.89.253
963,Doralyn,Roswarne,droswarneqq@51.la,Female,104.26.129.120
964,Kessia,Sellors,ksellorsqr@hc360.com,Female,182.1.232.155
965,Brigitta,Aubray,baubrayqs@huffingtonpost.com,Female,186.43.107.35
966,Wandie,Scarlan,wscarlanqt@networkadvertising.org,Female,46.218.203.2
967,Stevie,Castellet,scastelletqu@ustream.tv,Male,130.110.218.80
968,Aron,Folling,afollingqv@va.gov,Male,62.111.106.56
969,Idaline,Grabbam,igrabbamqw@tiny.cc,Female,27.21.64.86
970,Parrnell,Thornley,pthornleyqx@indiegogo.com,Male,47.58.250.81
971,Oralie,Astbery,oastberyqy@bloomberg.com,Female,168.143.146.136
972,Lambert,Gelsthorpe,lgelsthorpeqz@utexas.edu,Male,169.37.122.17
973,Rivkah,Walkden,rwalkdenr0@utexas.edu,Female,135.243.69.60
974,Padriac,MacGee,pmacgeer1@surveymonkey.com,Male,122.235.136.12
975,Rodger,Gosenell,rgosenellr2@globo.com,Male,240.113.141.47
976,Marci,Goscar,mgoscarr3@list-manage.com,Female,41.20.243.103
977,Boigie,Hentzeler,bhentzelerr4@shop-pro.jp,Male,153.72.48.160
978,Reynold,Mabbe,rmabber5@dropbox.com,Male,27.237.189.122
979,Allyn,Colston,acolstonr6@theatlantic.com,Female,255.125.56.227
980,Judi,Wittrington,jwittringtonr7@amazon.de,Female,53.193.172.143
981,Meridel,Wreakes,mwreakesr8@comsenz.com,Female,4.210.172.131
982,Cob,Featherstonhaugh,cfeatherstonhaughr9@php.net,Male,48.244.184.153
983,Jamil,Carl,jcarlra@constantcontact.com,Male,160.64.164.30
984,Katherina,Randlesome,krandlesomerb@51.la,Female,15.208.150.211
985,Odie,Astle,oastlerc@exblog.jp,Male,25.1.55.255
986,Gertrude,Inkster,ginksterrd@domainmarket.com,Female,48.24.162.243
987,Dodi,Curme,dcurmere@forbes.com,Female,93.172.166.112
988,Pembroke,Oliveti,polivetirf@rambler.ru,Male,141.239.244.97
989,Rouvin,Webberley,rwebberleyrg@ycombinator.com,Male,27.174.162.41
990,Page,Lehrahan,plehrahanrh@ask.com,Male,75.235.242.108
991,Dena,Fanton,dfantonri@meetup.com,Female,175.151.126.220
992,Orazio,Pennino,openninorj@virginia.edu,Male,93.81.86.0
993,Kenyon,Balderstone,kbalderstonerk@abc.net.au,Male,83.253.46.173
994,Charline,Mateus,cmateusrl@howstuffworks.com,Female,132.195.45.160
995,Rem,Bussy,rbussyrm@ehow.com,Male,41.147.104.139
996,Eward,Kaley,ekaleyrn@parallels.com,Male,47.36.112.202
997,Ronald,Bauchop,rbauchopro@de.vu,Male,212.43.132.165
998,Helen,Sofe,hsoferp@businessweek.com,Female,213.86.186.106
999,Jaquelin,Best,jbestrq@techcrunch.com,Female,49.89.20.164
1000,Mechelle,Malster,mmalsterrr@npr.org,Female,102.3.167.111
